Month,Skyview 401(k) Value,Target Growth
Q1 ‘23,24348,24347.82608695650
Q2 ‘23,29012,30869.565217391300
Q3 ‘23,33787,37391.30434782610
Q4 ‘23,38497,43913.04347826090
Q1 ‘24,42678,50434.782608695700
Q2 ‘24,47250,56956.52173913040
Q3 ‘24,51509,63478.260869565200
Q4 ‘24,55568,70000.0