Temperature (°C),Reaction A Rate,Reaction B Rate
20,0.13591409142295227,0.06640233845473095
30,0.22408445351690323,0.12099294928825892
40,0.36945280494653254,0.22046352761283203
50,0.6091246980351737,0.4017107384637534
60,1.0042768461593834,0.7319646888735595
70,1.6557725979346156,1.333726620818503
80,2.729907501657212,2.430208350374697
90,4.5008565650260905,4.4281283240837395
100,7.4206579551288305,8.068575869854703
