Month,YouTube,Twitch,X (Twitter)
Jan,0,0,100
Feb,0,0,331.1325744
Mar,0,0,756.7940487
Apr,45,0,2075.560175
May,338,0,3506.50448
Jun,2535,36,8256.050661
Jul,11408,270,29514.86279
Aug,57040,2028,88544.58837
Sep,114080,10267,177089.1767
Oct,171120,45632,301051.6005
Nov,256680,59322,361261.9206
Dec,282348,65254,379325.0166