Planet,Surface Gravity (m/s²),Mass (kg),Planet Type
Zarn,7.68,2.1225013424703106e+25,Terrestrial
Nuvia,20.97,3.006101085216168e+25,Terrestrial
Torrus,8.19,3.724662277740743e+25,Gas Giant
Glaxion,12.78,2.6110037605732607e+25,Gas Giant
Vorta,20.6,3.8512739818675045e+25,Terrestrial
