Week,Species A Population,Species B Population
0,10.0,12.0
1,13.498588075760033,15.408305000252897
2,18.221188003905088,19.78465524840154
3,24.596031111569495,25.40400019935209
4,33.20116922736547,32.61938194150854
5,44.81689070338064,41.8841154895421
6,60.49647464412946,53.78026884405678
7,81.66169912567652,69.05523211206877
8,110.231763806416,88.6686731871678
9,148.7973172487283,113.85283003630232
10,200.8553692318767,146.18992752844167
